,PATH,CLASS
0,C:\Users\1294414\Documents\ML practice folder\baldness\Bald\15-simple-hairstyle-for-receding-hairline.png,0
1,C:\Users\1294414\Documents\ML practice folder\baldness\Bald\1565.jpeg,0
2,C:\Users\1294414\Documents\ML practice folder\baldness\Bald\180730090152_1_900x600.jpg,0
3,C:\Users\1294414\Documents\ML practice folder\baldness\Bald\21-2.jpg,0
4,C:\Users\1294414\Documents\ML practice folder\baldness\Bald\2129-bald_male-500x500-small_widget.jpg,0
5,C:\Users\1294414\Documents\ML practice folder\baldness\Bald\22.jpeg,0
6,C:\Users\1294414\Documents\ML practice folder\baldness\Bald\24866113198_a6baf33d80.jpg,0
7,C:\Users\1294414\Documents\ML practice folder\baldness\Bald\300px-Alopecia.jpg,0
8,C:\Users\1294414\Documents\ML practice folder\baldness\Bald\3138faf06c4ed2354c9b1b4448d0c771--hairstyles-men-mens-haircuts.jpg,0
9,C:\Users\1294414\Documents\ML practice folder\baldness\Bald\37F9397300000578-3776101-Nicola_Hanratty_pictured_above_before_and_after_with_her_glued_o-m-17_1473175881625.jpg,0
10,C:\Users\1294414\Documents\ML practice folder\baldness\Bald\89.jpeg,0
11,C:\Users\1294414\Documents\ML practice folder\baldness\Bald\aa-Cover-mj1eqdjfbmldf5bd2u6un38340-20170509022351.Medi.jpeg,0
12,C:\Users\1294414\Documents\ML practice folder\baldness\Bald\adsfa.jpeg,0
13,C:\Users\1294414\Documents\ML practice folder\baldness\Bald\aga-severe.jpg,0
14,C:\Users\1294414\Documents\ML practice folder\baldness\Bald\aHR0cDovL3d3dy5saXZlc2NpZW5jZS5jb20vaW1hZ2VzL2kvMDAwLzA0OS81ODQvb3JpZ2luYWwvc2h1dHRlcnN0b2NrXzQxOTA0OTQ2LmpwZw==.webp,0
15,C:\Users\1294414\Documents\ML practice folder\baldness\Bald\b v.jpeg,0
16,C:\Users\1294414\Documents\ML practice folder\baldness\Bald\bald-senior-with-beard.jpg,0
17,C:\Users\1294414\Documents\ML practice folder\baldness\Bald\bald.jpg,0
18,C:\Users\1294414\Documents\ML practice folder\baldness\Bald\baldness-coronary-disease-study-2-390x285.jpg,0
19,C:\Users\1294414\Documents\ML practice folder\baldness\Bald\before-male-pattern-baldness.jpg,0
20,C:\Users\1294414\Documents\ML practice folder\baldness\Bald\bvtrfd.jpg,0
21,C:\Users\1294414\Documents\ML practice folder\baldness\Bald\cn.jpeg,0
22,C:\Users\1294414\Documents\ML practice folder\baldness\Bald\copilot-entertainment-celebrities-201307-bald-kelly-slater.jpg,0
23,C:\Users\1294414\Documents\ML practice folder\baldness\Bald\cvb .jpeg,0
24,C:\Users\1294414\Documents\ML practice folder\baldness\Bald\cvxb.jpeg,0
25,C:\Users\1294414\Documents\ML practice folder\baldness\Bald\depositphotos_6150820-stock-photo-elderly-bald-man-natural-smile.jpg,0
26,C:\Users\1294414\Documents\ML practice folder\baldness\Bald\dfas.jpeg,0
27,C:\Users\1294414\Documents\ML practice folder\baldness\Bald\dfg.jpg,0
28,C:\Users\1294414\Documents\ML practice folder\baldness\Bald\dfghdf.jpg,0
29,C:\Users\1294414\Documents\ML practice folder\baldness\Bald\dfh.jpeg,0
30,C:\Users\1294414\Documents\ML practice folder\baldness\Bald\DFS.jpeg,0
31,C:\Users\1294414\Documents\ML practice folder\baldness\Bald\dfsdfer.png,0
32,C:\Users\1294414\Documents\ML practice folder\baldness\Bald\DFXV.jpeg,0
33,C:\Users\1294414\Documents\ML practice folder\baldness\Bald\dh.jpeg,0
34,C:\Users\1294414\Documents\ML practice folder\baldness\Bald\download copy.jpeg,0
35,C:\Users\1294414\Documents\ML practice folder\baldness\Bald\download.jpeg,0
36,C:\Users\1294414\Documents\ML practice folder\baldness\Bald\dsafa.jpg,0
37,C:\Users\1294414\Documents\ML practice folder\baldness\Bald\dv598060-56a46b103df78cf7728258d6.jpg,0
38,C:\Users\1294414\Documents\ML practice folder\baldness\Bald\ed.jpg,0
39,C:\Users\1294414\Documents\ML practice folder\baldness\Bald\fasdfas.jpg,0
40,C:\Users\1294414\Documents\ML practice folder\baldness\Bald\fdg.jpeg,0
41,C:\Users\1294414\Documents\ML practice folder\baldness\Bald\fdgd.jpg,0
42,C:\Users\1294414\Documents\ML practice folder\baldness\Bald\fdgds.jpeg,0
43,C:\Users\1294414\Documents\ML practice folder\baldness\Bald\fdgdsuy.jpeg,0
44,C:\Users\1294414\Documents\ML practice folder\baldness\Bald\Female-pattern-baldness-1 (1).jpg,0
45,C:\Users\1294414\Documents\ML practice folder\baldness\Bald\ffdgd.jpeg,0
46,C:\Users\1294414\Documents\ML practice folder\baldness\Bald\fgdf.jpg,0
47,C:\Users\1294414\Documents\ML practice folder\baldness\Bald\fgdg.jpg,0
48,C:\Users\1294414\Documents\ML practice folder\baldness\Bald\fgdg.png,0
49,C:\Users\1294414\Documents\ML practice folder\baldness\Bald\fgdhfg.jpeg,0
50,C:\Users\1294414\Documents\ML practice folder\baldness\Bald\fgdjk.png,0
51,C:\Users\1294414\Documents\ML practice folder\baldness\Bald\FGDS.jpeg,0
52,C:\Users\1294414\Documents\ML practice folder\baldness\Bald\fgsdf.jpeg,0
53,C:\Users\1294414\Documents\ML practice folder\baldness\Bald\fgsdh.jpeg,0
54,C:\Users\1294414\Documents\ML practice folder\baldness\Bald\fsadf.jpg,0
55,C:\Users\1294414\Documents\ML practice folder\baldness\Bald\fsd.jpeg,0
56,C:\Users\1294414\Documents\ML practice folder\baldness\Bald\GD.png,0
57,C:\Users\1294414\Documents\ML practice folder\baldness\Bald\gdfgdf.jpeg,0
58,C:\Users\1294414\Documents\ML practice folder\baldness\Bald\gdfsg.jpeg,0
59,C:\Users\1294414\Documents\ML practice folder\baldness\Bald\gfds.jpg,0
60,C:\Users\1294414\Documents\ML practice folder\baldness\Bald\gfhd.jpg,0
61,C:\Users\1294414\Documents\ML practice folder\baldness\Bald\ghfd.jpeg,0
62,C:\Users\1294414\Documents\ML practice folder\baldness\Bald\ghg.jpg,0
63,C:\Users\1294414\Documents\ML practice folder\baldness\Bald\ghjfg.jpeg,0
64,C:\Users\1294414\Documents\ML practice folder\baldness\Bald\ghncv.jpeg,0
65,C:\Users\1294414\Documents\ML practice folder\baldness\Bald\gjk;h..png,0
66,C:\Users\1294414\Documents\ML practice folder\baldness\Bald\going-bald-shave-shutterstock.jpg,0
67,C:\Users\1294414\Documents\ML practice folder\baldness\Bald\hair-loss-skin-damage-diet-1.jpg,0
68,C:\Users\1294414\Documents\ML practice folder\baldness\Bald\HGFHGF.jpeg,0
69,C:\Users\1294414\Documents\ML practice folder\baldness\Bald\hgh.jpg,0
70,C:\Users\1294414\Documents\ML practice folder\baldness\Bald\hgjfgjhkfjk.jpg,0
71,C:\Users\1294414\Documents\ML practice folder\baldness\Bald\hi.png,0
72,C:\Users\1294414\Documents\ML practice folder\baldness\Bald\hikg.jpeg,0
73,C:\Users\1294414\Documents\ML practice folder\baldness\Bald\hj.jpeg,0
74,C:\Users\1294414\Documents\ML practice folder\baldness\Bald\hjfg.jpeg,0
75,C:\Users\1294414\Documents\ML practice folder\baldness\Bald\hjgf.jpeg,0
76,C:\Users\1294414\Documents\ML practice folder\baldness\Bald\hjghj.jpeg,0
77,C:\Users\1294414\Documents\ML practice folder\baldness\Bald\hjjhgj.jpeg,0
78,C:\Users\1294414\Documents\ML practice folder\baldness\Bald\hjl;.jpg,0
79,C:\Users\1294414\Documents\ML practice folder\baldness\Bald\hqdefault (1).jpg,0
80,C:\Users\1294414\Documents\ML practice folder\baldness\Bald\hqdefault (2).jpg,0
81,C:\Users\1294414\Documents\ML practice folder\baldness\Bald\hqdefault.jpg,0
82,C:\Users\1294414\Documents\ML practice folder\baldness\Bald\http___i.huffpost.com_gen_3568588_images_n-MAN-COMBING-HAIR-628x314.jpg,0
83,C:\Users\1294414\Documents\ML practice folder\baldness\Bald\hvb.jpeg,0
84,C:\Users\1294414\Documents\ML practice folder\baldness\Bald\ihg.jpeg,0
85,C:\Users\1294414\Documents\ML practice folder\baldness\Bald\images (1).jpeg,0
86,C:\Users\1294414\Documents\ML practice folder\baldness\Bald\images (10).jpeg,0
87,C:\Users\1294414\Documents\ML practice folder\baldness\Bald\images (11).jpeg,0
88,C:\Users\1294414\Documents\ML practice folder\baldness\Bald\images (12).jpeg,0
89,C:\Users\1294414\Documents\ML practice folder\baldness\Bald\images (13).jpeg,0
90,C:\Users\1294414\Documents\ML practice folder\baldness\Bald\images (14).jpeg,0
91,C:\Users\1294414\Documents\ML practice folder\baldness\Bald\images (15).jpeg,0
92,C:\Users\1294414\Documents\ML practice folder\baldness\Bald\images (16).jpeg,0
93,C:\Users\1294414\Documents\ML practice folder\baldness\Bald\images (17).jpeg,0
94,C:\Users\1294414\Documents\ML practice folder\baldness\Bald\images (18).jpeg,0
95,C:\Users\1294414\Documents\ML practice folder\baldness\Bald\images (19).jpeg,0
96,C:\Users\1294414\Documents\ML practice folder\baldness\Bald\images (2).jpeg,0
97,C:\Users\1294414\Documents\ML practice folder\baldness\Bald\images (20).jpeg,0
98,C:\Users\1294414\Documents\ML practice folder\baldness\Bald\images (21).jpeg,0
99,C:\Users\1294414\Documents\ML practice folder\baldness\Bald\images (22).jpeg,0
100,C:\Users\1294414\Documents\ML practice folder\baldness\Bald\images (23).jpeg,0
101,C:\Users\1294414\Documents\ML practice folder\baldness\Bald\images (24).jpeg,0
102,C:\Users\1294414\Documents\ML practice folder\baldness\Bald\images (25).jpeg,0
103,C:\Users\1294414\Documents\ML practice folder\baldness\Bald\images (26).jpeg,0
104,C:\Users\1294414\Documents\ML practice folder\baldness\Bald\images (27).jpeg,0
105,C:\Users\1294414\Documents\ML practice folder\baldness\Bald\images (28).jpeg,0
106,C:\Users\1294414\Documents\ML practice folder\baldness\Bald\images (29).jpeg,0
107,C:\Users\1294414\Documents\ML practice folder\baldness\Bald\images (3).jpeg,0
108,C:\Users\1294414\Documents\ML practice folder\baldness\Bald\images (30).jpeg,0
109,C:\Users\1294414\Documents\ML practice folder\baldness\Bald\images (31).jpeg,0
110,C:\Users\1294414\Documents\ML practice folder\baldness\Bald\images (32).jpeg,0
111,C:\Users\1294414\Documents\ML practice folder\baldness\Bald\images (33).jpeg,0
112,C:\Users\1294414\Documents\ML practice folder\baldness\Bald\images (34).jpeg,0
113,C:\Users\1294414\Documents\ML practice folder\baldness\Bald\images (35).jpeg,0
114,C:\Users\1294414\Documents\ML practice folder\baldness\Bald\images (36).jpeg,0
115,C:\Users\1294414\Documents\ML practice folder\baldness\Bald\images (4).jpeg,0
116,C:\Users\1294414\Documents\ML practice folder\baldness\Bald\images (5).jpeg,0
117,C:\Users\1294414\Documents\ML practice folder\baldness\Bald\images (6).jpeg,0
118,C:\Users\1294414\Documents\ML practice folder\baldness\Bald\images (7).jpeg,0
119,C:\Users\1294414\Documents\ML practice folder\baldness\Bald\images (8).jpeg,0
120,C:\Users\1294414\Documents\ML practice folder\baldness\Bald\images (9).jpeg,0
121,C:\Users\1294414\Documents\ML practice folder\baldness\Bald\images copy 2.jpeg,0
122,C:\Users\1294414\Documents\ML practice folder\baldness\Bald\images copy.jpeg,0
123,C:\Users\1294414\Documents\ML practice folder\baldness\Bald\images.jpeg,0
124,C:\Users\1294414\Documents\ML practice folder\baldness\Bald\images115.jpg,0
125,C:\Users\1294414\Documents\ML practice folder\baldness\Bald\images162.jpg,0
126,C:\Users\1294414\Documents\ML practice folder\baldness\Bald\images17.jpg,0
127,C:\Users\1294414\Documents\ML practice folder\baldness\Bald\images171.jpg,0
128,C:\Users\1294414\Documents\ML practice folder\baldness\Bald\images173.jpg,0
129,C:\Users\1294414\Documents\ML practice folder\baldness\Bald\images175.jpg,0
130,C:\Users\1294414\Documents\ML practice folder\baldness\Bald\images188.jpg,0
131,C:\Users\1294414\Documents\ML practice folder\baldness\Bald\images188f.jpg,0
132,C:\Users\1294414\Documents\ML practice folder\baldness\Bald\images2.jpeg,0
133,C:\Users\1294414\Documents\ML practice folder\baldness\Bald\images20.jpg,0
134,C:\Users\1294414\Documents\ML practice folder\baldness\Bald\images222.jpg,0
135,C:\Users\1294414\Documents\ML practice folder\baldness\Bald\images232.jpg,0
136,C:\Users\1294414\Documents\ML practice folder\baldness\Bald\images248.jpg,0
137,C:\Users\1294414\Documents\ML practice folder\baldness\Bald\images263.jpg,0
138,C:\Users\1294414\Documents\ML practice folder\baldness\Bald\images268.jpg,0
139,C:\Users\1294414\Documents\ML practice folder\baldness\Bald\images274.jpg,0
140,C:\Users\1294414\Documents\ML practice folder\baldness\Bald\images275.jpg,0
141,C:\Users\1294414\Documents\ML practice folder\baldness\Bald\images31.jpg,0
142,C:\Users\1294414\Documents\ML practice folder\baldness\Bald\images47.jpg,0
143,C:\Users\1294414\Documents\ML practice folder\baldness\Bald\images50.jpg,0
144,C:\Users\1294414\Documents\ML practice folder\baldness\Bald\images51.jpg,0
145,C:\Users\1294414\Documents\ML practice folder\baldness\Bald\images66.jpg,0
146,C:\Users\1294414\Documents\ML practice folder\baldness\Bald\images78.jpg,0
147,C:\Users\1294414\Documents\ML practice folder\baldness\Bald\images86.jpg,0
148,C:\Users\1294414\Documents\ML practice folder\baldness\Bald\imagesFSVGDS.jpeg,0
149,C:\Users\1294414\Documents\ML practice folder\baldness\Bald\jason-alexander-hair-toupee.jpg,0
150,C:\Users\1294414\Documents\ML practice folder\baldness\Bald\jgh copy.jpg,0
151,C:\Users\1294414\Documents\ML practice folder\baldness\Bald\jgh.jpg,0
152,C:\Users\1294414\Documents\ML practice folder\baldness\Bald\JH.jpeg,0
153,C:\Users\1294414\Documents\ML practice folder\baldness\Bald\jhjo.jpeg,0
154,C:\Users\1294414\Documents\ML practice folder\baldness\Bald\jhkg.jpeg,0
155,C:\Users\1294414\Documents\ML practice folder\baldness\Bald\jhkgh.jpeg,0
156,C:\Users\1294414\Documents\ML practice folder\baldness\Bald\jhkh.jpg,0
157,C:\Users\1294414\Documents\ML practice folder\baldness\Bald\JNBFVC.jpeg,0
158,C:\Users\1294414\Documents\ML practice folder\baldness\Bald\jude-law-hairline.jpg,0
159,C:\Users\1294414\Documents\ML practice folder\baldness\Bald\kgk.png,0
160,C:\Users\1294414\Documents\ML practice folder\baldness\Bald\larry-david.jpg,0
161,C:\Users\1294414\Documents\ML practice folder\baldness\Bald\lkj.png,0
162,C:\Users\1294414\Documents\ML practice folder\baldness\Bald\low-dose-laser-therapy-for-hairloss-250x250.png,0
163,C:\Users\1294414\Documents\ML practice folder\baldness\Bald\luzvubdv4r4z.jpg,0
164,C:\Users\1294414\Documents\ML practice folder\baldness\Bald\main-qimg-7bceea049e0c06cdceb0086ee3bdd05e.jpeg,0
165,C:\Users\1294414\Documents\ML practice folder\baldness\Bald\male-baldness-top-4 copy.jpg,0
166,C:\Users\1294414\Documents\ML practice folder\baldness\Bald\male-baldness-top-4.jpg,0
167,C:\Users\1294414\Documents\ML practice folder\baldness\Bald\male-pattern-baldness-300x200.jpg,0
168,C:\Users\1294414\Documents\ML practice folder\baldness\Bald\male-pattern-baldness-hairstyles-male-pattern-baldness-in-black-women.jpg,0
169,"C:\Users\1294414\Documents\ML practice folder\baldness\Bald\MV5BMjA5Mjk0NzU4MV5BMl5BanBnXkFtZTcwNzc1Njk5Nw@@._V1_UX140_CR0,0,140,209_AL_.jpg",0
170,"C:\Users\1294414\Documents\ML practice folder\baldness\Bald\MV5BMjAzMDk1NTU1OV5BMl5BanBnXkFtZTYwMDA2MjM0._V1_UY209_CR19,0,140,209_AL_.jpg",0
171,C:\Users\1294414\Documents\ML practice folder\baldness\Bald\n2aljk7zfpzdbcqenkam.webp,0
172,C:\Users\1294414\Documents\ML practice folder\baldness\Bald\ne-yo-mug-shot.jpg,0
173,C:\Users\1294414\Documents\ML practice folder\baldness\Bald\ngf.jpg,0
174,C:\Users\1294414\Documents\ML practice folder\baldness\Bald\non-surgical-hair-replacement-02.jpg,0
175,C:\Users\1294414\Documents\ML practice folder\baldness\Bald\QOA77LLDFRDRRFJSTLZ7YWKUTY.jpeg,0
176,C:\Users\1294414\Documents\ML practice folder\baldness\Bald\rexfeatures_1884944a.jpg,0
177,C:\Users\1294414\Documents\ML practice folder\baldness\Bald\rtew.jpeg,0
178,C:\Users\1294414\Documents\ML practice folder\baldness\Bald\Screen Shot 2019-02-11 at 11.12.07 AM.png,0
179,C:\Users\1294414\Documents\ML practice folder\baldness\Bald\Screen Shot 2019-02-11 at 11.12.26 AM.png,0
180,C:\Users\1294414\Documents\ML practice folder\baldness\Bald\Screen Shot 2019-02-11 at 11.12.34 AM.png,0
181,C:\Users\1294414\Documents\ML practice folder\baldness\Bald\Screen Shot 2019-02-11 at 11.12.43 AM.png,0
182,C:\Users\1294414\Documents\ML practice folder\baldness\Bald\Screen Shot 2019-02-11 at 11.14.05 AM.png,0
183,C:\Users\1294414\Documents\ML practice folder\baldness\Bald\Screen Shot 2019-02-11 at 11.14.10 AM.png,0
184,C:\Users\1294414\Documents\ML practice folder\baldness\Bald\Screen Shot 2019-02-11 at 11.14.13 AM.png,0
185,C:\Users\1294414\Documents\ML practice folder\baldness\Bald\Screen Shot 2019-02-11 at 11.14.21 AM.png,0
186,C:\Users\1294414\Documents\ML practice folder\baldness\Bald\Screen Shot 2019-02-11 at 11.14.37 AM.png,0
187,C:\Users\1294414\Documents\ML practice folder\baldness\Bald\Screen Shot 2019-02-11 at 11.14.41 AM.png,0
188,C:\Users\1294414\Documents\ML practice folder\baldness\Bald\Screen Shot 2019-02-11 at 11.15.12 AM.png,0
189,C:\Users\1294414\Documents\ML practice folder\baldness\Bald\Screen Shot 2019-02-11 at 11.15.46 AM.png,0
190,C:\Users\1294414\Documents\ML practice folder\baldness\Bald\Screen Shot 2019-02-11 at 11.17.33 AM.png,0
191,C:\Users\1294414\Documents\ML practice folder\baldness\Bald\Screen Shot 2019-02-11 at 11.17.37 AM.png,0
192,C:\Users\1294414\Documents\ML practice folder\baldness\Bald\Screen Shot 2019-02-11 at 11.17.41 AM.png,0
193,C:\Users\1294414\Documents\ML practice folder\baldness\Bald\Screen Shot 2019-02-11 at 11.17.44 AM.png,0
194,C:\Users\1294414\Documents\ML practice folder\baldness\Bald\Screen Shot 2019-02-11 at 11.17.46 AM.png,0
195,C:\Users\1294414\Documents\ML practice folder\baldness\Bald\Screen Shot 2019-02-11 at 11.17.58 AM.png,0
196,C:\Users\1294414\Documents\ML practice folder\baldness\Bald\Screen Shot 2019-02-11 at 11.18.01 AM.png,0
197,C:\Users\1294414\Documents\ML practice folder\baldness\Bald\Screen Shot 2019-02-11 at 11.18.04 AM.png,0
198,C:\Users\1294414\Documents\ML practice folder\baldness\Bald\Screen Shot 2019-02-11 at 11.18.19 AM.png,0
199,C:\Users\1294414\Documents\ML practice folder\baldness\Bald\Screen Shot 2019-02-11 at 11.18.22 AM.png,0
200,C:\Users\1294414\Documents\ML practice folder\baldness\Bald\Screen Shot 2019-02-11 at 11.18.26 AM.png,0
201,C:\Users\1294414\Documents\ML practice folder\baldness\Bald\Screen Shot 2019-02-11 at 11.18.28 AM.png,0
202,C:\Users\1294414\Documents\ML practice folder\baldness\Bald\Screen Shot 2019-02-11 at 11.18.30 AM.png,0
203,C:\Users\1294414\Documents\ML practice folder\baldness\Bald\Screen Shot 2019-02-11 at 11.18.32 AM.png,0
204,C:\Users\1294414\Documents\ML practice folder\baldness\Bald\Screen Shot 2019-02-11 at 11.18.36 AM.png,0
205,C:\Users\1294414\Documents\ML practice folder\baldness\Bald\Screen Shot 2019-02-11 at 11.18.39 AM.png,0
206,C:\Users\1294414\Documents\ML practice folder\baldness\Bald\Screen Shot 2019-02-11 at 11.18.44 AM.png,0
207,C:\Users\1294414\Documents\ML practice folder\baldness\Bald\Screen Shot 2019-02-11 at 11.18.56 AM.png,0
208,C:\Users\1294414\Documents\ML practice folder\baldness\Bald\Screen Shot 2019-02-11 at 11.19.00 AM.png,0
209,C:\Users\1294414\Documents\ML practice folder\baldness\Bald\Screen Shot 2019-02-11 at 11.19.47 AM.png,0
210,C:\Users\1294414\Documents\ML practice folder\baldness\Bald\Screen Shot 2019-02-11 at 11.30.39 AM.png,0
211,C:\Users\1294414\Documents\ML practice folder\baldness\Bald\Screen Shot 2019-02-11 at 11.30.49 AM.png,0
212,C:\Users\1294414\Documents\ML practice folder\baldness\Bald\Screen Shot 2019-02-11 at 11.31.46 AcfdM.png,0
213,C:\Users\1294414\Documents\ML practice folder\baldness\Bald\Screen Shot 2019-02-11 at 11.31.46 AM.png,0
214,C:\Users\1294414\Documents\ML practice folder\baldness\Bald\Screen Shot 2019-02-11 at 11.31.54 AM.png,0
215,C:\Users\1294414\Documents\ML practice folder\baldness\Bald\Screen Shot 2019-02-11 at 11.32.01 ghiAM.png,0
216,C:\Users\1294414\Documents\ML practice folder\baldness\Bald\Screen Shot 2019-02-11 at 11.32.06 AM.png,0
217,C:\Users\1294414\Documents\ML practice folder\baldness\Bald\Screen Shot 2019-02-11 at 11.32.40 AM.png,0
218,C:\Users\1294414\Documents\ML practice folder\baldness\Bald\Screen Shot 2019-02-11 at 11.33.28 AM.png,0
219,C:\Users\1294414\Documents\ML practice folder\baldness\Bald\Screen Shot 2019-02-11 at 11.33.38 AM.png,0
220,C:\Users\1294414\Documents\ML practice folder\baldness\Bald\Screen Shot 2019-02-11 at 11.33.49 AM.png,0
221,C:\Users\1294414\Documents\ML practice folder\baldness\Bald\Screen Shot 2019-02-11 at 11.33.55 AM.png,0
222,C:\Users\1294414\Documents\ML practice folder\baldness\Bald\Screen Shot 2019-02-11 at 11.35.57 AM.png,0
223,C:\Users\1294414\Documents\ML practice folder\baldness\Bald\Screen Shot 2019-02-11 at 11.36.01 AM.png,0
224,C:\Users\1294414\Documents\ML practice folder\baldness\Bald\Screen Shot 2019-02-11 at 11.36.04 AM.png,0
225,C:\Users\1294414\Documents\ML practice folder\baldness\Bald\Screen Shot 2019-02-11 at 11.36.08 AM.png,0
226,C:\Users\1294414\Documents\ML practice folder\baldness\Bald\Screen Shot 2019-02-11 at 11.36.12 AM.png,0
227,C:\Users\1294414\Documents\ML practice folder\baldness\Bald\Screen Shot 2019-02-11 at 11.36.16 AM.png,0
228,C:\Users\1294414\Documents\ML practice folder\baldness\Bald\Screen Shot 2019-02-11 at 11.36.20 AM.png,0
229,C:\Users\1294414\Documents\ML practice folder\baldness\Bald\Screen Shot 2019-02-11 at 11.36.23 AM.png,0
230,C:\Users\1294414\Documents\ML practice folder\baldness\Bald\Screen Shot 2019-02-11 at 11.36.27 AM.png,0
231,C:\Users\1294414\Documents\ML practice folder\baldness\Bald\Screen Shot 2019-02-11 at 11.36.31 AM.png,0
232,C:\Users\1294414\Documents\ML practice folder\baldness\Bald\Screen Shot 2019-02-11 at 11.36.35 AM.png,0
233,C:\Users\1294414\Documents\ML practice folder\baldness\Bald\Screen Shot 2019-02-11 at 11.36.44 AM.png,0
234,C:\Users\1294414\Documents\ML practice folder\baldness\Bald\Screen Shot 2019-02-11 at 11.36.47 AM.png,0
235,C:\Users\1294414\Documents\ML practice folder\baldness\Bald\Screen Shot 2019-02-11 at 11.36.50 AM.png,0
236,C:\Users\1294414\Documents\ML practice folder\baldness\Bald\Screen Shot 2019-02-11 at 11.36.53 AM.png,0
237,C:\Users\1294414\Documents\ML practice folder\baldness\Bald\Screen Shot 2019-02-11 at 11.36.56 AM.png,0
238,C:\Users\1294414\Documents\ML practice folder\baldness\Bald\Screen Shot 2019-02-11 at 11.36.59 AM.png,0
239,C:\Users\1294414\Documents\ML practice folder\baldness\Bald\Screen Shot 2019-02-11 at 11.37.02 AM.png,0
240,C:\Users\1294414\Documents\ML practice folder\baldness\Bald\Screen Shot 2019-02-11 at 11.37.05 AM.png,0
241,C:\Users\1294414\Documents\ML practice folder\baldness\Bald\Screen Shot 2019-02-11 at 11.37.08 AM.png,0
242,C:\Users\1294414\Documents\ML practice folder\baldness\Bald\Screen Shot 2019-02-11 at 11.37.11 AM.png,0
243,C:\Users\1294414\Documents\ML practice folder\baldness\Bald\Screen Shot 2019-02-11 at 11.37.13 AM.png,0
244,C:\Users\1294414\Documents\ML practice folder\baldness\Bald\Screen Shot 2019-02-11 at 11.37.17 AM.png,0
245,C:\Users\1294414\Documents\ML practice folder\baldness\Bald\Screen Shot 2019-02-11 at 11.37.19 AM.png,0
246,C:\Users\1294414\Documents\ML practice folder\baldness\Bald\Screen Shot 2019-02-11 at 11.37.22 AM.png,0
247,C:\Users\1294414\Documents\ML practice folder\baldness\Bald\Screen Shot 2019-02-11 at 11.37.25 AM.png,0
248,C:\Users\1294414\Documents\ML practice folder\baldness\Bald\Screen Shot 2019-02-11 at 11.37.28 AM.png,0
249,C:\Users\1294414\Documents\ML practice folder\baldness\Bald\Screen Shot 2019-02-11 at 11.37.31 AM.png,0
250,C:\Users\1294414\Documents\ML practice folder\baldness\Bald\Screen Shot 2019-02-11 at 11.37.34 AM.png,0
251,C:\Users\1294414\Documents\ML practice folder\baldness\Bald\Screen Shot 2019-02-11 at 11.37.37 AM.png,0
252,C:\Users\1294414\Documents\ML practice folder\baldness\Bald\Screen Shot 2019-02-11 at 11.37.41 AM.png,0
253,C:\Users\1294414\Documents\ML practice folder\baldness\Bald\Screen Shot 2019-02-11 at 11.37.43 AM.png,0
254,C:\Users\1294414\Documents\ML practice folder\baldness\Bald\Screen Shot 2019-02-11 at 11.37.47 AM.png,0
255,C:\Users\1294414\Documents\ML practice folder\baldness\Bald\Screen Shot 2019-02-11 at 11.37.49 AM.png,0
256,C:\Users\1294414\Documents\ML practice folder\baldness\Bald\Screen Shot 2019-02-11 at 11.37.52 AM.png,0
257,C:\Users\1294414\Documents\ML practice folder\baldness\Bald\Screen Shot 2019-02-11 at 11.37.55 AM.png,0
258,C:\Users\1294414\Documents\ML practice folder\baldness\Bald\Screen Shot 2019-02-11 at 11.37.58 AM.png,0
259,C:\Users\1294414\Documents\ML practice folder\baldness\Bald\Screen Shot 2019-02-11 at 11.38.01 AM.png,0
260,C:\Users\1294414\Documents\ML practice folder\baldness\Bald\Screen Shot 2019-02-11 at 11.38.04 AM.png,0
261,C:\Users\1294414\Documents\ML practice folder\baldness\Bald\Screen Shot 2019-02-11 at 11.38.07 AM.png,0
262,C:\Users\1294414\Documents\ML practice folder\baldness\Bald\Screen Shot 2019-02-11 at 11.38.10 AM.png,0
263,C:\Users\1294414\Documents\ML practice folder\baldness\Bald\Screen Shot 2019-02-11 at 11.38.13 AM.png,0
264,C:\Users\1294414\Documents\ML practice folder\baldness\Bald\Screen Shot 2019-02-11 at 11.38.16 AM.png,0
265,C:\Users\1294414\Documents\ML practice folder\baldness\Bald\Screen Shot 2019-02-11 at 11.38.19 AM.png,0
266,C:\Users\1294414\Documents\ML practice folder\baldness\Bald\Screen Shot 2019-02-11 at 11.38.22 AM.png,0
267,C:\Users\1294414\Documents\ML practice folder\baldness\Bald\Screen Shot 2019-02-11 at 11.38.25 AM.png,0
268,C:\Users\1294414\Documents\ML practice folder\baldness\Bald\Screen Shot 2019-02-11 at 11.38.28 AM.png,0
269,C:\Users\1294414\Documents\ML practice folder\baldness\Bald\Screen Shot 2019-02-11 at 11.38.30 AM.png,0
270,C:\Users\1294414\Documents\ML practice folder\baldness\Bald\Screen Shot 2019-02-11 at 11.38.34 AM.png,0
271,C:\Users\1294414\Documents\ML practice folder\baldness\Bald\Screen Shot 2019-02-11 at 11.38.36 AM.png,0
272,C:\Users\1294414\Documents\ML practice folder\baldness\Bald\Screen Shot 2019-02-11 at 11.38.39 AM.png,0
273,C:\Users\1294414\Documents\ML practice folder\baldness\Bald\Screen Shot 2019-02-11 at 11.38.42 AM.png,0
274,C:\Users\1294414\Documents\ML practice folder\baldness\Bald\Screen Shot 2019-02-11 at 11.38.45 AM.png,0
275,C:\Users\1294414\Documents\ML practice folder\baldness\Bald\Screen Shot 2019-02-11 at 11.38.48 AM.png,0
276,C:\Users\1294414\Documents\ML practice folder\baldness\Bald\Screen Shot 2019-02-11 at 11.38.51 AM.png,0
277,C:\Users\1294414\Documents\ML practice folder\baldness\Bald\Screen Shot 2019-02-11 at 11.38.54 AM.png,0
278,C:\Users\1294414\Documents\ML practice folder\baldness\Bald\Screen Shot 2019-02-11 at 11.38.57 AM.png,0
279,C:\Users\1294414\Documents\ML practice folder\baldness\Bald\Screen Shot 2019-02-11 at 11.39.00 AM.png,0
280,C:\Users\1294414\Documents\ML practice folder\baldness\Bald\Screen Shot 2019-02-11 at 11.39.03 AM.png,0
281,C:\Users\1294414\Documents\ML practice folder\baldness\Bald\Screen Shot 2019-02-11 at 11.39.06 AM.png,0
282,C:\Users\1294414\Documents\ML practice folder\baldness\Bald\Screen Shot 2019-02-11 at 11.39.09 AM.png,0
283,C:\Users\1294414\Documents\ML practice folder\baldness\Bald\Screen Shot 2019-02-11 at 11.39.12 AM.png,0
284,C:\Users\1294414\Documents\ML practice folder\baldness\Bald\Screen Shot 2019-02-11 at 11.39.15 AM.png,0
285,C:\Users\1294414\Documents\ML practice folder\baldness\Bald\Screen Shot 2019-02-11 at 11.39.18 AM.png,0
286,C:\Users\1294414\Documents\ML practice folder\baldness\Bald\Screen Shot 2019-02-11 at 11.39.21 AM.png,0
287,C:\Users\1294414\Documents\ML practice folder\baldness\Bald\Screen Shot 2019-02-11 at 11.39.24 AM.png,0
288,C:\Users\1294414\Documents\ML practice folder\baldness\Bald\Screen Shot 2019-02-11 at 11.39.27 AM.png,0
289,C:\Users\1294414\Documents\ML practice folder\baldness\Bald\Screen Shot 2019-02-11 at 11.39.30 AM.png,0
290,C:\Users\1294414\Documents\ML practice folder\baldness\Bald\Screen Shot 2019-02-11 at 11.39.33 AM.png,0
291,C:\Users\1294414\Documents\ML practice folder\baldness\Bald\Screen Shot 2019-02-11 at 11.39.36 AM.png,0
292,C:\Users\1294414\Documents\ML practice folder\baldness\Bald\Screen Shot 2019-02-11 at 11.58.56 AM.png,0
293,C:\Users\1294414\Documents\ML practice folder\baldness\Bald\Screen Shot 2019-02-11 at 12.06.57 PM.png,0
294,C:\Users\1294414\Documents\ML practice folder\baldness\Bald\Screen Shot 2019-02-11hoh at 11.32.01 AM.png,0
295,C:\Users\1294414\Documents\ML practice folder\baldness\Bald\Screen Shot 2019-0n2-11 at 11.31.54 AM.png,0
296,C:\Users\1294414\Documents\ML practice folder\baldness\Bald\sdf.jpg,0
297,C:\Users\1294414\Documents\ML practice folder\baldness\Bald\senior-man-with-baldness.jpg,0
298,C:\Users\1294414\Documents\ML practice folder\baldness\Bald\sfd.png,0
299,C:\Users\1294414\Documents\ML practice folder\baldness\Bald\shiseido-baldness-cure-discovery-03.jpg,0
300,C:\Users\1294414\Documents\ML practice folder\baldness\Bald\TELEMMGLPICT000130017892_trans_NvBQzQNjv4BqpVlberWd9EgFPZtcLiMQfy2dmClwgbjjulYfPTELibA.webp,0
301,C:\Users\1294414\Documents\ML practice folder\baldness\Bald\terry.jpg,0
302,C:\Users\1294414\Documents\ML practice folder\baldness\Bald\the-greatest-bald-actors-ever-37.jpg,0
303,C:\Users\1294414\Documents\ML practice folder\baldness\Bald\U.jpeg,0
304,C:\Users\1294414\Documents\ML practice folder\baldness\Bald\u.jpg,0
305,C:\Users\1294414\Documents\ML practice folder\baldness\Bald\uyk.jpg,0
306,C:\Users\1294414\Documents\ML practice folder\baldness\Bald\vbcb.jpeg,0
307,C:\Users\1294414\Documents\ML practice folder\baldness\Bald\vbn .jpeg,0
308,"C:\Users\1294414\Documents\ML practice folder\baldness\Bald\xMale_pattern_baldness.jpg,qitok=u3OqbrBm.pagespeed.ic.HntnWyB4ig.jpg",0
309,C:\Users\1294414\Documents\ML practice folder\baldness\Normal\1ddf.png,1
310,C:\Users\1294414\Documents\ML practice folder\baldness\Normal\aasd.jpg,1
311,C:\Users\1294414\Documents\ML practice folder\baldness\Normal\ad.jpg,1
312,C:\Users\1294414\Documents\ML practice folder\baldness\Normal\adsd.jpg,1
313,C:\Users\1294414\Documents\ML practice folder\baldness\Normal\asd.jpg,1
314,C:\Users\1294414\Documents\ML practice folder\baldness\Normal\assdd.jpg,1
315,C:\Users\1294414\Documents\ML practice folder\baldness\Normal\awqd.jpg,1
316,C:\Users\1294414\Documents\ML practice folder\baldness\Normal\d4df.jpg,1
317,C:\Users\1294414\Documents\ML practice folder\baldness\Normal\dd1f.jpg,1
318,C:\Users\1294414\Documents\ML practice folder\baldness\Normal\dddddf.jpg,1
319,C:\Users\1294414\Documents\ML practice folder\baldness\Normal\ddddf.jpg,1
320,C:\Users\1294414\Documents\ML practice folder\baldness\Normal\ddddff.jpg,1
321,C:\Users\1294414\Documents\ML practice folder\baldness\Normal\dddf.jpg,1
322,C:\Users\1294414\Documents\ML practice folder\baldness\Normal\dddff.jpg,1
323,C:\Users\1294414\Documents\ML practice folder\baldness\Normal\dddfff.jpg,1
324,C:\Users\1294414\Documents\ML practice folder\baldness\Normal\dddfqf.jpg,1
325,C:\Users\1294414\Documents\ML practice folder\baldness\Normal\dddfsdf.jpg,1
326,C:\Users\1294414\Documents\ML practice folder\baldness\Normal\dddqff.jpg,1
327,C:\Users\1294414\Documents\ML practice folder\baldness\Normal\dddwdf.jpg,1
328,C:\Users\1294414\Documents\ML practice folder\baldness\Normal\ddedef.jpg,1
329,C:\Users\1294414\Documents\ML practice folder\baldness\Normal\ddef.jpg,1
330,C:\Users\1294414\Documents\ML practice folder\baldness\Normal\ddefdf.jpg,1
331,C:\Users\1294414\Documents\ML practice folder\baldness\Normal\dderf.jpg,1
332,C:\Users\1294414\Documents\ML practice folder\baldness\Normal\ddf.jpg,1
333,C:\Users\1294414\Documents\ML practice folder\baldness\Normal\ddf5.jpg,1
334,C:\Users\1294414\Documents\ML practice folder\baldness\Normal\ddfd.jpg,1
335,C:\Users\1294414\Documents\ML practice folder\baldness\Normal\ddfdf.jpg,1
336,C:\Users\1294414\Documents\ML practice folder\baldness\Normal\ddfdff.jpg,1
337,C:\Users\1294414\Documents\ML practice folder\baldness\Normal\ddfe.jpg,1
338,C:\Users\1294414\Documents\ML practice folder\baldness\Normal\ddfefe.jpg,1
339,C:\Users\1294414\Documents\ML practice folder\baldness\Normal\ddffd.jpg,1
340,C:\Users\1294414\Documents\ML practice folder\baldness\Normal\ddffdf.jpg,1
341,C:\Users\1294414\Documents\ML practice folder\baldness\Normal\ddtyf.jpg,1
342,C:\Users\1294414\Documents\ML practice folder\baldness\Normal\ddwef.jpg,1
343,C:\Users\1294414\Documents\ML practice folder\baldness\Normal\ddyuf.jpg,1
344,C:\Users\1294414\Documents\ML practice folder\baldness\Normal\dedf.jpg,1
345,C:\Users\1294414\Documents\ML practice folder\baldness\Normal\defdf.jpg,1
346,C:\Users\1294414\Documents\ML practice folder\baldness\Normal\deredf.jpg,1
347,C:\Users\1294414\Documents\ML practice folder\baldness\Normal\dfdddf.jpg,1
348,C:\Users\1294414\Documents\ML practice folder\baldness\Normal\dfddf.jpg,1
349,C:\Users\1294414\Documents\ML practice folder\baldness\Normal\dfdduf.jpg,1
350,C:\Users\1294414\Documents\ML practice folder\baldness\Normal\dfdfddf.jpg,1
351,C:\Users\1294414\Documents\ML practice folder\baldness\Normal\dfewdf.jpg,1
352,C:\Users\1294414\Documents\ML practice folder\baldness\Normal\dfgdf.jpg,1
353,C:\Users\1294414\Documents\ML practice folder\baldness\Normal\dfsddf.jpg,1
354,C:\Users\1294414\Documents\ML practice folder\baldness\Normal\dfsdedf.jpg,1
355,C:\Users\1294414\Documents\ML practice folder\baldness\Normal\dftydddf.jpg,1
356,C:\Users\1294414\Documents\ML practice folder\baldness\Normal\dhghdf.jpg,1
357,C:\Users\1294414\Documents\ML practice folder\baldness\Normal\dodf.jpg,1
358,C:\Users\1294414\Documents\ML practice folder\baldness\Normal\download.jpg,1
359,C:\Users\1294414\Documents\ML practice folder\baldness\Normal\dqwsdf.jpg,1
360,C:\Users\1294414\Documents\ML practice folder\baldness\Normal\drtdf.jpg,1
361,C:\Users\1294414\Documents\ML practice folder\baldness\Normal\dsdfdf.jpg,1
362,C:\Users\1294414\Documents\ML practice folder\baldness\Normal\dtdf.jpg,1
363,C:\Users\1294414\Documents\ML practice folder\baldness\Normal\dtrdf.jpg,1
364,C:\Users\1294414\Documents\ML practice folder\baldness\Normal\dttdf.jpg,1
365,C:\Users\1294414\Documents\ML practice folder\baldness\Normal\dvbdbf.jpg,1
366,C:\Users\1294414\Documents\ML practice folder\baldness\Normal\dvbdf.jpg,1
367,C:\Users\1294414\Documents\ML practice folder\baldness\Normal\dwdf.jpg,1
368,C:\Users\1294414\Documents\ML practice folder\baldness\Normal\dyydf.jpg,1
369,C:\Users\1294414\Documents\ML practice folder\baldness\Normal\eddf.jpg,1
370,C:\Users\1294414\Documents\ML practice folder\baldness\Normal\fdddf.jpg,1
371,C:\Users\1294414\Documents\ML practice folder\baldness\Normal\fddf.jpg,1
372,C:\Users\1294414\Documents\ML practice folder\baldness\Normal\fdfddf.jpg,1
373,C:\Users\1294414\Documents\ML practice folder\baldness\Normal\fgimages.jpg,1
374,C:\Users\1294414\Documents\ML practice folder\baldness\Normal\iddf.jpg,1
375,C:\Users\1294414\Documents\ML practice folder\baldness\Normal\idfdmages.jpg,1
376,C:\Users\1294414\Documents\ML practice folder\baldness\Normal\idfmages.jpg,1
377,C:\Users\1294414\Documents\ML practice folder\baldness\Normal\ifmages.jpg,1
378,C:\Users\1294414\Documents\ML practice folder\baldness\Normal\igmages.jpg,1
379,C:\Users\1294414\Documents\ML practice folder\baldness\Normal\imadffges.jpg,1
380,C:\Users\1294414\Documents\ML practice folder\baldness\Normal\imadfges.jpg,1
381,C:\Users\1294414\Documents\ML practice folder\baldness\Normal\imafgges.jpg,1
382,C:\Users\1294414\Documents\ML practice folder\baldness\Normal\imagdfes.jpg,1
383,C:\Users\1294414\Documents\ML practice folder\baldness\Normal\imageres.jpg,1
384,C:\Users\1294414\Documents\ML practice folder\baldness\Normal\images.jpg,1
385,C:\Users\1294414\Documents\ML practice folder\baldness\Normal\imagetys.jpg,1
386,C:\Users\1294414\Documents\ML practice folder\baldness\Normal\imagfdes.jpg,1
387,C:\Users\1294414\Documents\ML practice folder\baldness\Normal\imagfdfes.jpg,1
388,C:\Users\1294414\Documents\ML practice folder\baldness\Normal\imaioges.jpg,1
389,C:\Users\1294414\Documents\ML practice folder\baldness\Normal\imasddffges.jpg,1
390,C:\Users\1294414\Documents\ML practice folder\baldness\Normal\imasdfges.jpg,1
391,C:\Users\1294414\Documents\ML practice folder\baldness\Normal\imasgfdfes.jpg,1
392,C:\Users\1294414\Documents\ML practice folder\baldness\Normal\imatyrges.jpg,1
393,C:\Users\1294414\Documents\ML practice folder\baldness\Normal\imdfages.jpg,1
394,C:\Users\1294414\Documents\ML practice folder\baldness\Normal\imrages.jpg,1
395,C:\Users\1294414\Documents\ML practice folder\baldness\Normal\iuddf.jpg,1
396,C:\Users\1294414\Documents\ML practice folder\baldness\Normal\qwddf.jpg,1
397,C:\Users\1294414\Documents\ML practice folder\baldness\Normal\rtddf.jpg,1
398,C:\Users\1294414\Documents\ML practice folder\baldness\Normal\sad.jpg,1
399,C:\Users\1294414\Documents\ML practice folder\baldness\Normal\sdddf.jpg,1
400,C:\Users\1294414\Documents\ML practice folder\baldness\Normal\sdsa.jpg,1
401,C:\Users\1294414\Documents\ML practice folder\baldness\Normal\wad.jpg,1
402,C:\Users\1294414\Documents\ML practice folder\baldness\Normal\wdf.jpg,1
403,C:\Users\1294414\Documents\ML practice folder\baldness\Normal\weddf.jpg,1
404,C:\Users\1294414\Documents\ML practice folder\baldness\Normal\yuddf.jpg,1
405,C:\Users\1294414\Documents\ML practice folder\baldness\Normal\yutrddf.jpg,1
